US20010020245,Method and system for deterministic ordering of software modules,网站链接,,others,,,是,消息通知,
US20010037336,Incremental garbage collection,网站链接,,others,,,是,远程协助,
US20010047438,Recoverable methods and systems for processing input/output requests including virtual memory addresses,网站链接,,安装和启动,安装,配置,是,,
US20020027569,Generic user control point tool for universal plug and play (UPnP) devices,网站链接,,安装和启动,安装,配置,是,,
US20020052977,Method and apparatus for adapting and hosting legacy user interface     controls,网站链接,,安装和启动,安装,配置,是,building a target computer operating system,
US20020052978,Method and apparatus for providing and integrating high-performance message queues in a user interface environment,网站链接,,安装和启动,安装,配置,是,,
US20020055965,Method and system for accessing objects of different thread types,网站链接,,安装和启动,安装,配置,是,building a target computer operating system,
US20020073403,System and method for whole-system program analysis,网站链接,,安装和启动,安装,配置,是,,
US20020075309,Selection paradigm for displayed user interface,网站链接,,安装和启动,安装,配置,是,,
US20020075327,Method and apparatus for high-performance rendering and hit-testing of a window tree,网站链接,,安装和启动,安装,配置,是,,
US20020095453,Thread-specific heaps,网站链接,,安装和启动,安装,生成,是,,
US20020101441,Input device with pattern and tactile feedback for computer input and control,网站链接,,安装和启动,启动,others,是,注册表,
US20020101457,Bezel interface for small computing devices,网站链接,,安装和启动,启动,处理器初始化,是,,
US20020101458,Navigational interface for mobile and wearable computers,网站链接,,安装和启动,启动,处理器初始化,是,dynamically switching the endian-ness of a process,
US20020108102,Method and apparatus for accessing instrumentation data from within a managed code environment,网站链接,,安装和启动,启动,加载操作系统,是,,
US20020111929,Concurrent data recall in a hierarchical storage environment using plural     queues,网站链接,,安装和启动,启动,加载操作系统,是,客户端启动域和启动规则,
US20020133487,System and method for unloading namespace devices,网站链接,,安装和启动,启动,加载操作系统,是,选择配置进入操作系统,
US20020147853,System and method for managing a serial port,网站链接,,安装和启动,启动,加载设备驱动,是,,
US20020152380,Methods and systems for unilateral authentication of messages,网站链接,,安装和启动,启动,配置外围设备,是,外围设备保护和计算机系统交互,
US20020152384,Methods and systems for unilateral authentication of messages,网站链接,,安装和启动,启动,配置外围设备,是,,
US20020169999,Placing exception throwing instructions in compiled code,网站链接,,安装和启动,启动,其他,是,,
US20020174302,System and method for managing storage space of a cache,网站链接,,安装和启动,启动,其他,是,允许代码被安全的在计算机中进行初始化的系统和方法,
US20020184521,Authorizing a requesting entity to operate upon data structures,网站链接,,安装和启动,启动,重启动,是,,
US20020188815,System and method for mirroring memory,网站链接,,安装和启动,设备管理,网络协议,是,VPN注册协议网关,
US20020191022,Hosting controls in a window via an interface for controlling the window,网站链接,,安装和启动,休眠、睡眠、待机、唤醒,唤醒,是,,
US20020191027,Dynamic resizing of dialogs,网站链接,,安装和启动,休眠、睡眠、待机、唤醒,唤醒,是,,
US20020194164,Answer wizard drop-down control,网站链接,,安装和启动,休眠、睡眠、待机、唤醒,唤醒,是,,
US20020199020,Method and system for resolving names on a network gateway having multiple     distinct network interfaces,网站链接,,安装和启动,休眠、睡眠、待机、唤醒,休眠,是,,
US20030028736,System and method for backing up and restoring data,网站链接,,安装和启动,休眠、睡眠、待机、唤醒,休眠,是,计算机系统的休眠,
US20030056069,Buffering data in a hierarchical data storage environment,网站链接,,操作系统内核,others,,是,操作系统处理事件的日志,
US20030056094,Peer-to-peer name resolution protocol (PNRP) security infrastructure and     method,网站链接,,操作系统内核,存储管理,二级存储,是,,
US20030065676,Methods and system of managing concurrent access to multiple resources,网站链接,,操作系统内核,存储管理,二级存储,是,,
US20030069905,Method and system for concurrent garbage collection,网站链接,,操作系统内核,存储管理,二级存储,是,,
US20030071850,In-place adaptive handwriting input method and system,网站链接,,操作系统内核,存储管理,二级存储,是,,
US20030074356,Scoped access control metadata element,网站链接,,操作系统内核,存储管理,二级存储,是,,
US20030074386,Method and system for migrating computer state,网站链接,,操作系统内核,存储管理,二级存储,是,,分布式系统
US20030079146,Method and apparatus for regulating access to a computer via a computer     network,网站链接,,操作系统内核,存储管理,二级存储,是,,
US20030081002,Method and system for chaining and extending wizards,网站链接,,操作系统内核,存储管理,二级存储,是,,
US20030084276,Method and system for obtaining computer shutdown information,网站链接,,操作系统内核,存储管理,二级存储,是,,
US20030088588,Transaction Coordination including time contracts,网站链接,,操作系统内核,存储管理,二级存储,是,,
US20030088770,Method for advance negotiation of computer settings,网站链接,,操作系统内核,存储管理,二级存储,是,,
US20030110416,Methods and systems for creating and communicating with computer processes,网站链接,,操作系统内核,存储管理,二级存储,是,,
US20030131147,Systems and methods for managing drivers in a computing system,网站链接,,操作系统内核,存储管理,二级存储,是,,
US20030140179,Methods and system for managing computational resources of a coprocessor in a computing system,网站链接,,操作系统内核,存储管理,二级存储,是,,
US20030156145,Ink gestures,网站链接,,操作系统内核,存储管理,二级存储,是,,
US20030182443,System and method for protecting privacy and anonymity of parties of     network communications,网站链接,,操作系统内核,存储管理,缓存,是,,
US20030187914,Symmetrical multiprocessing in multiprocessor systems,网站链接,,操作系统内核,存储管理,缓存,是,缓存存储数据结构和内存管理,
US20030191947,System and method of inkblot authentication,网站链接,,操作系统内核,存储管理,缓存,是,优化缓存的操作,
US20030195885,System and method for XML based content management,网站链接,,操作系统内核,存储管理,缓存,是,,
US20030196010,Non-blocking concurrent queues with direct node access by threads,网站链接,,操作系统内核,存储管理,缓存,是,,
US20030196060,Multi-level cache architecture and cache management method for peer-to-peer name resolution protocol,网站链接,,操作系统内核,存储管理,缓存,是,,
US20030200405,Page granular curtained memory via mapping control,网站链接,,操作系统内核,存储管理,缓存,是,,
US20030200430,Collapsing chained credentials,网站链接,,操作系统内核,存储管理,缓存,是,基于文本管理服务系统的访问权限的缓存,
US20030200485,ACPI name space validation,网站链接,,操作系统内核,存储管理,缓存,是,,
US20030204533,Method and system for detecting cross linked files,网站链接,,操作系统内核,存储管理,缓存,是,,
US20030204552,IO completion architecture for user-mode networking,网站链接,,操作系统内核,存储管理,缓存,是,多核,
US20030204631,Method to synchronize and upload an offloaded network stack connection     with a network stack,网站链接,,操作系统内核,存储管理,缓存,是,,分布式系统
US20030204664,Cache with multiway steering and modified cyclic reuse,网站链接,,操作系统内核,存储管理,缓存,是,,
US20030204723,Digital license with referral information,网站链接,,操作系统内核,存储管理,缓存,是,,
US20030204834,System and method for generating a predicate abstraction of a program,网站链接,,操作系统内核,存储管理,缓存,是,,
US20030210270,Method and apparatus for managing input focus and z-order,网站链接,,操作系统内核,存储管理,其他,是,,
US20030212761,Process kernel,网站链接,,操作系统内核,存储管理,三级存储,是,存储在多媒体（磁带或可移动磁盘）的数据对象重调用,
US20030214539,Method and apparatus for hollow selection feedback,网站链接,,操作系统内核,存储管理,三级存储,是,用于检测的交叉链接文件,
US20030217165,End-to-end authentication of session initiation protocol messages using     certificates,网站链接,,操作系统内核,存储管理,三级存储,是,在存储媒体上布局文件的存储,
US20030217288,Session key secruity protocol,网站链接,,操作系统内核,存储管理,三级存储,是,,
US20030221053,Game disk layout,网站链接,,操作系统内核,存储管理,三级存储,是,,
US20030221083,System and method for filtering write operations to a storage medium     containing an operating system image,网站链接,,操作系统内核,存储管理,三级存储,是,,
US20030222908,Dynamic wizard interface system and method,网站链接,,操作系统内核,存储管理,三级存储,是,,
US20030225870,Method and system for effective management of client and server processes,网站链接,,操作系统内核,存储管理,虚拟内存,是,,
US20030225895,Peer communication channel partitioning,网站链接,,操作系统内核,存储管理,虚拟内存,是,,
US20030226017,TLS tunneling,网站链接,,操作系统内核,存储管理,虚拟内存,是,限制和访问部分内存模块的方法和设备,
US20030226033,Peer assembly inspection,网站链接,,操作系统内核,存储管理,虚拟内存,是,,
US20030233237,Integration of speech and stylus input to provide an efficient natural     input experience,网站链接,,操作系统内核,存储管理,虚拟内存,是,,
US20030233379,System and method for splitting an image across multiple computer readable media,网站链接,,操作系统内核,存储管理,虚拟内存,是,垃圾收集使用跟踪机制，本专利主要涉及到支持垃圾收集的内存管理。,
US20030233392,Method and system for managing the execution of threads and the processing of data,网站链接,,操作系统内核,存储管理,虚拟内存,是,,
US20030233558,System and method for securely booting from a network,网站链接,,操作系统内核,存储管理,虚拟内存,是,,
US20040002942,System and method for managing file names for file system filter drivers,网站链接,,操作系统内核,存储管理,主存,是,,
US20040003086,Re-partitioning directories,网站链接,,操作系统内核,存储管理,主存,是,,
US20040003187,System and method for using virtual memory for redirecting auxilliary memory operations,网站链接,,操作系统内核,存储管理,主存,是,,
US20040003223,Apparatus and method to decrease boot time and hibernate awaken time of a computer system,网站链接,,操作系统内核,存储管理,主存,是,,
US20040003267,Digital rights management (DRM) encryption and data-protection for content     on device without interactive authentication,网站链接,,操作系统内核,存储管理,主存,是,,
US20040003269,Systems and methods for issuing usage licenses for digital content and     services,网站链接,,操作系统内核,存储管理,主存,是,,
US20040003270,Obtaining a signed rights label (SRL) for digital content and obtaining a     digital license corresponding to the content based on the SRL in a     digital rights management system,网站链接,,操作系统内核,存储管理,主存,是,,
US20040003314,Method and system for creating and restoring an image file,网站链接,,操作系统内核,存储管理,主存,是,,
US20040025076,Computer system fault recovery using distributed fault-recovery     information,网站链接,,操作系统内核,存储管理,主存,是,一种内存管理策略，对于多个运行在主存当中的应用程序，采取逐级挑剔的策略，以达到节省主存空间的目的,
US20040034650,Media identifier registry,网站链接,,操作系统内核,存储管理,主存,是,在虚拟系统中控制物理内存的分配,
US20040034776,Authenticating peer-to-peer connections,网站链接,,操作系统内核,存储管理,主存,是,,
US20040034860,Dynamically extensible application program framework including message and     notification routing,网站链接,,操作系统内核,存储管理,主存,是,,
US20040054996,Dynamic TCP partitioning,网站链接,,操作系统内核,存储管理,主存,是,,
US20040056899,Magnification engine,网站链接,,操作系统内核,存储管理,主存,是,垃圾回收,
US20040064530,Accessibility system events mechanism and method,网站链接,,操作系统内核,存储管理,主存,是,,
US20040064647,Method and apparatus to reduce power consumption and improve read/write     performance of hard disk drives using non-volatile memory,网站链接,,操作系统内核,存储管理,主存,是,,
US20040066408,Intelligent windows bumping method and system,网站链接,,操作系统内核,存储管理,主存,是,,
US20040068734,Software license isolation layer,网站链接,,操作系统内核,存储管理,主存,是,,
US20040075695,Method and apparatus for providing context menus on a hand-held device,网站链接,,操作系统内核,存储管理,主存,是,,
US20040075696,System and method for automatic mnemonic assignment,网站链接,,操作系统内核,缓存,其他,是,Cache slot lock,
US20040088589,System and method for preserving state data of a personal computer in a     standby state in the event of an AC power failure,网站链接,,操作系统内核,进程管理,进程控制,是,,
US20040093389,Light weight file I/O over system area networks,网站链接,,操作系统内核,进程管理,进程控制,是,管道,
US20040093515,Cross platform network authentication and authorization model,网站链接,,操作系统内核,进程管理,进程控制,是,管道,
US20040098492,Digital licenses that include universally quantified variables,网站链接,,操作系统内核,进程管理,进程控制,是,manage resources,
US20040098498,Composable data streams for managing flows,网站链接,,操作系统内核,进程管理,进程控制,是,终止应用程序,
US20040098572,System and method for initiating dialup creation from modem connection to a mobile device,网站链接,,操作系统内核,进程管理,进程控制,是, managing resources of the computers,
US20040100480,Input redirection,网站链接,,操作系统内核,进程管理,进程控制,是,"managing the installation, execution, and removal ",
US20040103401,Dynamic temporal optimization framework,网站链接,,操作系统内核,进程管理,进程控制,是,calling an arbitrary function in one process from ,
US20040103417,System and method for changing operation of an application without     recompiling,网站链接,,操作系统内核,进程管理,进程控制,是,,
US20040107416,Patching of in-use functions on a running computer system,网站链接,,操作系统内核,进程管理,进程同步,是,communications mechanisms for computer processes,
US20040107421,Methods and systems for cooperative scheduling of hardware resource     elements,网站链接,,操作系统内核,进程管理,进程同步,是,非阻塞并发的线程队列,
US20040111515,Peer-to-peer identity management interfaces and methods,网站链接,,操作系统内核,进程管理,进程同步,是,efficient network communication processing,
US20040111608,Secure recovery in a serverless distributed file system,网站链接,,操作系统内核,进程管理,进程同步,是,针对客户端的资源申请，服务端可以延迟分配资源。所举例子关于C/S模式下的进程同步。,
US20040111620,Signing-in to software applications having secured features,网站链接,,操作系统内核,进程管理,进程同步,是,,
US20040117718,Systems and methods for providing improved encoding and reconstruction of     data,网站链接,,操作系统内核,进程管理,进程同步,是,communications between client/server object orient,分布式系统
US20040122931,Generating globally unique device identification,网站链接,,操作系统内核,进程管理,进程同步,是,,
US20040123185,Tools and methods for discovering race condition errors,网站链接,,操作系统内核,进程管理,进程同步,是,IPC,
US20040123299,Unified network thread management,网站链接,,操作系统内核,进程管理,进程同步,是,IPC,
US20040133602,Optimizing defragmentation operations in a differential snapshotter,网站链接,,操作系统内核,进程管理,进程同步,是,messages and communication,
US20040133611,Volume migration,网站链接,,操作系统内核,进程管理,进程同步,是,,
US20040133798,Method and apparatus for preventing a denial of service attack during key     negotiation,网站链接,,操作系统内核,进程管理,死锁,是,Tools and methods for discovering race condition e,
US20040139351,Method and apparatus for generating secured attention sequence,网站链接,,操作系统内核,进程管理,调度,是,,
US20040141013,System and method for directly accessing functionality provided by an application,网站链接,,操作系统内核,进程管理,调度,是,,
US20040143768,Initiating computer system power-up from a USB keyboard,网站链接,,操作系统内核,进程管理,调度,是,hardware and software for scheduling processing of,
US20040148333,Peer-to-peer grouping interfaces and methods,网站链接,,操作系统内核,进程管理,调度,是,,
US20040148463,"Method and system for an atomically updated, central cache memory",网站链接,,操作系统内核,进程管理,调度,是,,
US20040153658,Systems and methods for deterring software piracy in a volume license     environment,网站链接,,操作系统内核,进程管理,调度,是,,
US20040153694,Reliability of diskless network-bootable computers using non-volatile     memory cache,网站链接,,操作系统内核,进程管理,调度,是,,
US20040162841,Prefetching and caching persistent objects,网站链接,,操作系统内核,进程管理,调度,是,,
US20040162930,Highly componentized system architecture with loadable virtual memory manager,网站链接,,操作系统内核,进程管理,调度,是,,
US20040167961,Fragment response cache,网站链接,,操作系统内核,进程管理,调度,是,在执行分布式任务的电脑中实施作业调度，而非使用控制器进行协调。,分布式系统
US20040172424,Method for managing multiple file states for replicated files,网站链接,,操作系统内核,进程管理,调度,是,CPU资源实时调度,
US20040172474,Method and system for delayed allocation of resources,网站链接,,操作系统内核,进程管理,调度,是,facilitating real-time scheduling of CPU resources,
US20040174398,System and method for navigating a graphical user interface on a smaller display,网站链接,,操作系统内核,进程管理,线程控制,是,访问线程种类的对象,
US20040181598,Managing state information across communication sessions between a client     and a server via a stateless protocol,网站链接,,操作系统内核,进程管理,线程控制,是,不同线程类型访问对象的方法,
US20040187122,Systems and methods for enhancing performance of a coprocessor,网站链接,,操作系统内核,进程管理,线程控制,是,应用线程和专用线程合并来实现网络协议处理,
US20040187135,Systems and methods for scheduling coprocessor resources in a computing     system,网站链接,,操作系统内核,进程管理,线程控制,是,an interface for a network application，thread poo,
US20040189707,System and method for filtering and organizing items based on common elements,网站链接,,操作系统内核,进程管理,线程控制,是,thread priority boost for I/O completion ,
US20040193594,File system for displaying items of different types and from different     physical locations,网站链接,,操作系统内核,进程管理,线程控制,是,,
US20040193621,System and method utilizing virtual folders,网站链接,,操作系统内核,进程管理,线程同步,是,threading and communication architecture for a gra,
US20040193672,System and method for virtual folder sharing including utilization of     static and dynamic lists,网站链接,,操作系统内核,"可靠性,安全和保护",others,是,保护级别设置,
US20040193819,System and method for kernel mode memory management having movable kernel objects,网站链接,,操作系统内核,"可靠性,安全和保护",安全信息传输,是,,
US20040194110,Extensible user context system for delivery of notifications,网站链接,,操作系统内核,"可靠性,安全和保护",访问控制,是,,
US20040194113,Non-blocking buffered inter-machine data transfer with acknowledgement,网站链接,,操作系统内核,"可靠性,安全和保护",访问控制,是,,
US20040194115,Configurable event handling for user interface components,网站链接,,操作系统内核,"可靠性,安全和保护",访问控制,是,,
US20040199548,Playback graph for data synchronization,网站链接,,操作系统内核,"可靠性,安全和保护",访问控制,是,,
US20040199742,Efficient write-watch mechanism useful for garbage collection in a computer system,网站链接,,操作系统内核,"可靠性,安全和保护",访问控制,是,墨迹认证的系统和方法,
US20040201632,System and theme file format for creating visual styles,网站链接,,操作系统内核,"可靠性,安全和保护",访问控制,是,,
US20040205748,System and method for providing service of automated creation of computer     software production images,网站链接,,操作系统内核,"可靠性,安全和保护",访问控制,是,,
US20040210630,"Systems and methods for discovering, acquiring and maintaining nodes in a     logical network",网站链接,,操作系统内核,"可靠性,安全和保护",访问控制,是,,
US20040210851,Method for navigation between elements on a page of content in a handheld device,网站链接,,操作系统内核,"可靠性,安全和保护",访问控制,是,,
US20040210897,Automatic detection and installation of client peripheral devices by a     server,网站链接,,操作系统内核,"可靠性,安全和保护",访问控制,是,,
US20040210900,Providing predictable scheduling of programs using repeating precomputed schedules on discretely scheduled and/or multiprocessor operating systems,网站链接,,操作系统内核,"可靠性,安全和保护",访问控制,是,验证对等连接,
US20040210902,Recyclable locking for multi-threaded computing environments,网站链接,,操作系统内核,"可靠性,安全和保护",访问控制,是,,
US20040210908,System and method for accessing information made available by a kernel     mode driver,网站链接,,操作系统内核,"可靠性,安全和保护",访问控制,是,,
US20040215643,Managing user clips,网站链接,,操作系统内核,"可靠性,安全和保护",访问控制,是,,
US20040215649,Method and system for representing group policy object topology and     relationships,网站链接,,操作系统内核,"可靠性,安全和保护",访问控制,是,防火墙结构,
US20040215811,Method and system for abstracting the interface with network communication     traffic control components,网站链接,,操作系统内核,"可靠性,安全和保护",访问控制,是,,
US20040215880,Cache-conscious coallocation of hot data streams,网站链接,,操作系统内核,"可靠性,安全和保护",访问控制,是,数字权限管理接入,
US20040216090,Project-based configuration management method and apparatus,网站链接,,操作系统内核,"可靠性,安全和保护",访问控制,是,,
US20040216132,Runtime polymorphism,网站链接,,操作系统内核,"可靠性,安全和保护",访问控制,是,网络认证,
US20040216137,System and method for user mode applications to register to receive kernel     mode device related events,网站链接,,操作系统内核,"可靠性,安全和保护",访问控制,是,,
US20040216145,User mode device driver interface,网站链接,,操作系统内核,"可靠性,安全和保护",访问控制,是,,
US20040221079,Method and system for locking multiple resources in a distributed     environment,网站链接,,操作系统内核,"可靠性,安全和保护",访问控制,是,,
US20040221094,Software management systems and methods for automotive computing devices,网站链接,,操作系统内核,"可靠性,安全和保护",访问控制,是,,
US20040221096,Software management systems and methods for automotive computing devices,网站链接,,操作系统内核,"可靠性,安全和保护",访问控制,是,,
US20040221160,Encryption systems and methods for identifying and coalescing identical     objects encrypted with different keys,网站链接,,操作系统内核,"可靠性,安全和保护",访问控制,是,,
US20040225675,Associating and using information in a metadirectory,网站链接,,操作系统内核,"可靠性,安全和保护",访问控制,是,数字内容的保护,
US20040225682,Preview mode,网站链接,,操作系统内核,"可靠性,安全和保护",访问控制,是,,
US20040225844,System and method for employing slot level locking of a cache,网站链接,,操作系统内核,"可靠性,安全和保护",访问控制,是,网络上的联系人身份确认的系统和方法,
US20040225848,Caching based on access rights in connection with a content management     server system or the like,网站链接,,操作系统内核,"可靠性,安全和保护",访问控制,是,网络认证,
US20040226024,Device driver conversion and creation,网站链接,,操作系统内核,"可靠性,安全和保护",访问控制,是,,
US20040227776,System and method for controlling user interface properties with data,网站链接,,操作系统内核,"可靠性,安全和保护",访问控制,是,,
US20040230416,Bifurcated operating system having a language neutral component,网站链接,,操作系统内核,"可靠性,安全和保护",访问控制,是,,
US20040230575,Method and system for providing interface defaults,网站链接,,操作系统内核,"可靠性,安全和保护",访问控制,是,信任代理管理,
US20040230576,Mechanism for applying transforms to multi-part files,网站链接,,操作系统内核,"可靠性,安全和保护",内核完整性,是,,
US20040230987,Reflection-based processing of input parameters for commands,网站链接,,操作系统内核,"可靠性,安全和保护",内核完整性,是,,
US20040236769,System and method for representing content in a file system,网站链接,,操作系统内核,"可靠性,安全和保护",内核完整性,是,可信内存,
US20040237053,System and method for implementing an image ancillary to a cursor,网站链接,,操作系统内核,"可靠性,安全和保护",内核完整性,是,,
US20040237064,Runtime hosting interfaces,网站链接,,操作系统内核,"可靠性,安全和保护",内核完整性,是,静态和运行时的防拆和反调试,
US20040243543,System and method for employing object-based pipelines,网站链接,,操作系统内核,"可靠性,安全和保护",内核完整性,是,,
US20040243605,Establishing relationships between objects based on object interfaces,网站链接,,操作系统内核,"可靠性,安全和保护",内核完整性,是,,
US20040243644,System and method for delegating file system operations,网站链接,,操作系统内核,"可靠性,安全和保护",内核完整性,是,管理的间谍软件和恶意软件通过自动启动的扩展点,
US20040243824,Securely authorizing the performance of actions,网站链接,,操作系统内核,"可靠性,安全和保护",其他,是,,
US20040243853,System and method for improved network security,网站链接,,操作系统内核,"可靠性,安全和保护",其他,是,为捕捉内核居民的系统和方法,
US20040244011,Operating system event tracker,网站链接,,操作系统内核,"可靠性,安全和保护",其他,是,用于图像认证的资源节约操作系统的系统和方法,
US20040244014,Method for transferring data in a system having multiple transports,网站链接,,操作系统内核,"可靠性,安全和保护",其他,是,策略引擎和用于保护数据的系统和方法,
US20040249780,System and method for employing object-based pipelines,网站链接,,操作系统内核,"可靠性,安全和保护",数据备份,是,备份与恢复数据的方法,
US20040249853,Late bound subscription based event dispatching system and method,网站链接,,操作系统内核,"可靠性,安全和保护",数据备份,是,,
US20040250041,Heap allocation,网站链接,,操作系统内核,可靠性，安全和保护,数据备份,是,,
US20040250087,Dynamic substitution of USB data for on-the-fly encryption/decryption,网站链接,,操作系统内核,"可靠性,安全和保护",数据备份,是,备份和恢复数据,
US20040250107,In-context security advisor in a computing environment,网站链接,,操作系统内核,"可靠性,安全和保护",数据备份,是,,
US20040250172,Transaction-safe FAT file system improvements,网站链接,,操作系统内核,"可靠性,安全和保护",数据备份,是,,
US20040255087,Scalable rundown protection for object lifetime management,网站链接,,操作系统内核,"可靠性,安全和保护",数据备份,是,,
US20040255270,Importation of automatically generated content,网站链接,,操作系统内核,"可靠性,安全和保护",数据备份,是,,
US20040255308,Method and system for activity-based user interfaces,网站链接,,操作系统内核,"可靠性,安全和保护",系统容错,是,保存关机信息,
US20040260800,Dynamic self-configuration for ad hoc peer networking,网站链接,,操作系统内核,可靠性，安全和保护,系统容错,是,容错的分布式计算可以减少延时和有效地容忍冲突,
US20040261036,System and method for manipulating toolbar component dimensions,网站链接,,操作系统内核,"可靠性,安全和保护",信息安全传输,是,,
US20040261079,Method and system for maintaining service dependency relationships in a computer system,网站链接,,操作系统内核,"可靠性,安全和保护",信息安全传输,是,保护网络通信方的私有和匿名性,
US20040261081,Method and system for tracking kernel resource usage,网站链接,,操作系统内核,"可靠性,安全和保护",信息安全传输,是,,
US20040261082,System and method for managing cached objects using notification bonds,网站链接,,操作系统内核,"可靠性,安全和保护",信息安全传输,是,,
US20040267823,Reconcilable and undoable file system,网站链接,,操作系统内核,"可靠性,安全和保护",信息安全传输,是,网络安全,
US20040267877,System-wide selective action management,网站链接,,操作系统内核,"可靠性,安全和保护",信息安全传输,是,,
US20040267932,System and method for dynamically allocating resources in a client/server environment,网站链接,,操作系统内核,"可靠性,安全和保护",信息安全传输,是,,
US20040268146,Distributed expression-based access control,网站链接,,操作系统内核,"可靠性,安全和保护",信息安全传输,是,,
US20040268259,Task-sensitive methods and systems for displaying command sets,网站链接,,操作系统内核,"可靠性,安全和保护",信息安全传输,是,,
US20040268269,System and method for automatic and dynamic layout of resizable dialog type windows,网站链接,,操作系统内核,"可靠性,安全和保护",信息安全传输,是,按键压缩,
US20040268340,Managing multiple devices on which operating systems can be automatically deployed,网站链接,,操作系统内核,"可靠性,安全和保护",信息安全传输,是,,
US20040268345,Software image creation in a distributed build environment,网站链接,,操作系统内核,"可靠性,安全和保护",信息安全传输,是,,
US20040268370,Exception handling,网站链接,,操作系统内核,"可靠性,安全和保护",信息安全传输,是,寻呼的操作系统中的保护信息的系统和方法,
US20040268371,Transaction interoperability using host-initiated processing,网站链接,,操作系统内核,可靠性，安全和保护,信息安全传输,是,,
US20050004890,Method and system for converting and plugging user interface terms,网站链接,,操作系统内核,可靠性、安全和保护,访问控制,是,,
US20050004916,Peer-to-peer name resolution wire protocol and message format data structure for use therein,网站链接,,操作系统内核,可靠性、安全和保护,访问控制,是,,
US20050004973,Reflection-based processing of input parameters for commands,网站链接,,操作系统内核,可靠性、安全和保护,访问控制,是,,
US20050005274,Flexible interface for controlling streaming data in passive streaming plug-ins,网站链接,,操作系统内核,可靠性、安全和保护,访问控制,是,,
US20050010876,Method and apparatus for providing a three-dimensional task gallery computer interface,网站链接,,操作系统内核,可靠性、安全和保护,访问控制,是,,
US20050015469,State migration in multiple NIC RDMA enabled devices,网站链接,,操作系统内核,可靠性、安全和保护,信息安全传输,是,,
US20050015562,Block cache size management via virtual memory manager feedback,网站链接,,操作系统内核,可靠性、安全和保护,信息安全传输,是,,分布式系统
US20050015639,Dynamic contextual helper user interface,网站链接,,操作系统内核,可靠性、安全和保护,信息安全传输,是,,
US20050015702,"System and method for testing, simulating, and controlling computer software and hardware",网站链接,,操作系统内核,可靠性、安全和保护,信息安全传输,是,,分布式系统
US20050015780,Method and system for providing information related to elements of a user interface,网站链接,,操作系统内核,可靠性、安全和保护,信息安全传输,是,,
US20050021500,Methods and systems for repairing playlists,网站链接,,操作系统内核,其他,其他,是,multiprocessor systems?,
US20050021917,Controlling memory usage in systems having limited physical memory,网站链接,,操作系统内核,其他,,是,installable software modules,
US20050021969,Delegating certificate validation,网站链接,,操作系统内核,其他,,是,managing computational resources of coprocessors,
US20050022010,Multi-layered firewall architecture,网站链接,,操作系统内核,其他,,是,software licenses ,
US20050022206,Changing user identities without closing applications,网站链接,,操作系统内核,其他,,是,dynamically load or unload operating features ,
US20050022211,Configurable event handling for an interactive design environment,网站链接,,操作系统内核,其他,,是,tracking kernel resource usage,
US20050025363,System and method for accepting disparate types of user input,网站链接,,操作系统内核,其他,,是,operating system registry,
US20050027682,Method and system for defining and controlling algorithmic elements in a graphics display system,网站链接,,操作系统内核,其他,,是,operating system registry,
US20050027734,Extending a directory schema independent of schema modification,网站链接,,操作系统内核,其他,,是,"conserving computer resources, such as electrical ",
US20050027735,Method and system for relocating files that are partially stored in remote storage,网站链接,,操作系统内核,设备管理,其他,是,卸载命名空间设备,
US20050027746,Selective file purging for delete or rename,网站链接,,操作系统内核,设备管理,其他,是,,
US20050027943,System and method for managing objects stored in a cache,网站链接,,操作系统内核,设备管理,其他,是,instrumented hardware devices，驱动,
US20050033718,Cross language migration,网站链接,,操作系统内核,设备管理,其他,是,register，management instrumentation systems,
US20050033846,Resource manager architecture,网站链接,,操作系统内核,设备管理,其他,是,驱动 ,
US20050033932,System and method for data migration,网站链接,,操作系统内核,设备管理,其他,是,method and tool for use in creating a device drive,
US20050033950,Common feature mode for microprocessors in a multiple microprocessor system,网站链接,,操作系统内核,设备管理,其他,是,Stream class driver ,
US20050034129,System and method for terminating applications,网站链接,,操作系统内核,设备管理,其他,是,increasing data throughput using thread scheduling,
US20050034136,Application programming interface enabling application programs to group code and data to control allocation of physical memory in a virtual memory system,网站链接,,操作系统内核,设备管理,其他,是,驱动,
US20050039147,Managing position and size for a desktop component,网站链接,,操作系统内核,设备管理,其他,是,,
US20050043939,Grammar-based automatic data completion and suggestion for user input,网站链接,,操作系统内核,设备管理,其他,是,script-based device drivers ,
US20050044092,Serverless distributed file system,网站链接,,操作系统内核,设备管理,其他,是,script-based device drivers ,
US20050044187,Systems and methods for providing conflict handling for peer-to-peer synchronization of units of information manageable by a hardware/software interface system,网站链接,,操作系统内核,设备管理,其他,是,,
US20050044306,Automotive computing devices with emergency power shut down capabilities,网站链接,,操作系统内核,设备管理,其他,是,高级配置与电源管理接口,
US20050044411,Peer-to-peer authorization method,网站链接,,操作系统内核,设备管理,其他,是,,
US20050044552,Threading and communication architecture for a graphical user interface,网站链接,,操作系统内核,设备管理,其他,是,接口,
US20050044553,Stream class driver for computer operating system,网站链接,,操作系统内核,设备管理,其他,是,,
US20050049881,Computer-aided reading system and method with cross-language reading     wizard,网站链接,,操作系统内核,设备管理,其他,是,,
US20050050053,Systems and methods for the implementation of a core schema for providing a top-level structure for organizing units of information manageable by a hardware/software interface system,网站链接,,操作系统内核,设备管理,其他,是,外围设备为使多种OS使用，引入VDP。,
US20050050104,Accounting for update notifications in synchronizing data that may be represented by different data structures,网站链接,,操作系统内核,设备管理,其他,是,collection of hardware device information,
US20050050550,Method and system for moderating thread priority boost for I/O completion,网站链接,,操作系统内核,设备管理,其他,是, characterizing and customizing printer drivers,
US20050050552,System and method for increasing data throughput using thread scheduling,网站链接,,操作系统内核,设备管理,其他,是,驱动,
US20050055380,Systems and methods for separating units of information manageable by a hardware/software interface system from their physical organization,网站链接,,操作系统内核,设备管理,其他,是,computing devices and rendering devices,
US20050055600,System and method for building a target operating system from a source operating system,网站链接,,操作系统内核,设备管理,其他,是,,
US20050060138,Language conversion and display,网站链接,,操作系统内核,设备管理,其他设备,是,驱动,
US20050060316,Extended file system,网站链接,,操作系统内核,设备管理,其他设备,是,usb接口,
US20050060367,Client side caching of printer configuration,网站链接,,操作系统内核,设备管理,其他设备,是,PnP,分布式系统
US20050060716,"Methods of factoring operating system functions, methods of converting operating systems, and related apparatus",网站链接,,操作系统内核,设备管理,其他设备,是,接口,
US20050060725,Method and systems for DLL/COM redirection,网站链接,,操作系统内核,设备管理,其他设备,是,接口管理,
US20050066031,System and method for synchronizing objects between two devices,网站链接,,操作系统内核,设备管理,其他设备,是,用户接口管理,
US20050066184,Exclusive encryption,网站链接,,操作系统内核,设备管理,其他设备,是,,
US20050066202,Methods and arrangements for providing multiple concurrent desktops and workspaces in a shared computing environment,网站链接,,操作系统内核,设备管理,其他设备,是,接口,
US20050066340,Application program interfaces and structures in a resource limited operating system,网站链接,,操作系统内核,设备管理,其他设备,是,应用程序接口,
US20050071315,Locating potentially identical objects across multiple computers based on stochastic partitioning of workload,网站链接,,操作系统内核,设备管理,其他设备,是,驱动,
US20050071847,System and method for building a target operating system from a source operating system,网站链接,,操作系统内核,设备管理,其他设备,是 ,API,
US20050076186,"Systems and methods for improving the x86 architecture for processor virtualization, and software systems and methods for utilizing the improvements",网站链接,,操作系统内核,设备管理,其他设备,是,驱动,
US20050081042,License-based cryptographic technique particularly suited for use in a digital rights management system for controlling access and use of bore resistant software objects in a client computer,网站链接,,操作系统内核,设备管理,其它设备,是,,打印机用户接口管理
US20050081109,Method and system for efficient testing of sequences of computer-related operations,网站链接,,操作系统内核,设备管理,网络设备,是,即插即用的网络设备管理,
US20050081194,Methods for enhancing type reconstruction,网站链接,,操作系统内核,设备管理,网络设备,是,,
US20050081199,Systems and methods for using synthetic instructions in a virtual machine,网站链接,,操作系统内核,设备管理,网络设备,是,对等名称解析协议的安全基础设施的方法,
US20050086041,Creation and use of virtual device drivers on a serial bus,网站链接,,操作系统内核,设备管理,网络设备,是,网络负载平衡,
US20050086633,Content layers,网站链接,,操作系统内核,设备管理,网络设备,是,协议,
US20050086641,Method for automatically updating a computer registry,网站链接,,操作系统内核,设备管理,网络设备,是,协议,
US20050086670,Method and system for remote automation of object oriented applications,网站链接,,操作系统内核,设备管理,网络设备,是,,
US20050091029,System and method for the logical substitution of processor control in an     emulated computing environment,网站链接,,操作系统内核,设备管理,网络设备,是,,
US20050091035,System and method for linguistic collation,网站链接,,操作系统内核,设备管理,网络设备,是,,
US20050091192,Dynamically identifying dependent files of an application program or an operating system,网站链接,,操作系统内核,设备管理,网络设备,是,协议,
US20050091212,Method and system for accessing a file,网站链接,,操作系统内核,设备管理,网络设备,是,,
US20050091219,Flexible architecture for notifying applications of state changes,网站链接,,操作系统内核,设备管理,网络设备,是,,分布式系统
US20050091258,Administrative tool environment,网站链接,,操作系统内核,设备管理,网络设备,是,网络连接计算机保护,
US20050091265,Application programming interface for centralized storage of principal data,网站链接,,操作系统内核,设备管理,网络设备,是,,
US20050091283,Meta data management for media content objects,网站链接,,操作系统内核,设备管理,网络设备,是,多层上进行编解码,
US20050091301,Systems and methods for multiparty session invite,网站链接,,操作系统内核,设备管理,网络设备,是,,
US20050091398,System for transferring data over a network,网站链接,,操作系统内核,设备管理,字符设备,是,?eg.requests to send or receive data through a net,
US20050091510,Element persistent identification,网站链接,,操作系统内核,设备管理,字符设备,是,file I/O over system area networks?,
US20050091611,Responsive user interface to manage a non-responsive application,网站链接,,操作系统内核,设备管理,字符设备,是,I/O传输,
US20050091655,Associating runtime objects with a set and controlling access to resources as a function thereof,网站链接,,操作系统内核,设备管理,字符设备,是,,
US20050091673,Pre-login data access,网站链接,,操作系统内核,设备管理,字符设备,是,?provided for handling streaming information encod,
US20050094813,Key compression,网站链接,,操作系统内核,设备管理,字符设备,是,?receives streaming information,
US20050097077,On-disk file format for a serverless distributed file system,网站链接,,操作系统内核,设备管理,总线管理,是,总线带宽等机会策略,
US20050097126,Partial migration of an object to another storage location in a computer system,网站链接,,操作系统内核,设备管理,总线管理,是,,
US20050097239,Hibernation of computer systems,网站链接,,操作系统内核,设备管理,总线管理,是,,
US20050097328,Client-side boot domains and boot rules,网站链接,,操作系统内核,文件系统,others,是,分布式文件系统,分布式系统
US20050097465,Gallery user interface controls,网站链接,,操作系统内核,文件系统,others,是,文件系统修复,
US20050097466,Accelerated scrolling,网站链接,,操作系统内核,文件系统,访问方式,是,写操作系统到存储操作系统镜像的存储媒介中,
US20050097572,Device driver auto-load,网站链接,,操作系统内核,文件系统,访问方式,是,点对点认证方法,
US20050097574,"Modular, robust, component user interface framework",网站链接,,操作系统内核,文件系统,访问方式,是,,
US20050097578,System and method for executing an arbitrary function from an external process,网站链接,,操作系统内核,文件系统,访问方式,是,,
US20050102395,Systems and methods for controlling the number of clients that access a server,网站链接,,操作系统内核,文件系统,目录结构,是,,
US20050102578,System and method for capturing kernel-resident information,网站链接,,操作系统内核,文件系统,目录结构,是,,
US20050102622,"Method for providing feedback on windows, messages and dialog boxes",网站链接,,操作系统内核,文件系统,目录结构,是,,
US20050102626,Methods and systems for creating and using skins,网站链接,,操作系统内核,文件系统,目录结构,是,,
US20050102627,Methods and systems for creating and using skins,网站链接,,操作系统内核,文件系统,其他,是 ,文件创建筛选策略（过滤某些类型文件）,
US20050108251,Stateless distributed computer architecture with server-oriented state-caching objects maintained on network or client,网站链接,,操作系统内核,文件系统,数据备份,是,,
US20050108280,Method and apparatus for synchronizing multiple versions of digital data,网站链接,,操作系统内核,文件系统,数据同步,是,,
US20050108297,Transfer of user profiles using portable storage devices,网站链接,,操作系统内核,文件系统,数据同步,是,,
US20050108433,Resource manifest,网站链接,,操作系统内核,文件系统,数据同步,是,,
US20050108436,System and method for transferring a compressed data file to a peripheral device,网站链接,,操作系统内核,文件系统,数据同步,是,,
US20050108546,Secure dynamic credential distribution over a network,网站链接,,操作系统内核,文件系统,数据同步,是,,
US20050108728,System and method employing script-based device drivers,网站链接,,操作系统内核,文件系统,数据同步,是,两个设备间的同步对象,
US20050108733,Hooking of replacement and augmented API functions,网站链接,,操作系统内核,文件系统,数据同步,是,,
US20050114412,System and method for client mastered replication of local files,网站链接,,操作系统内核,文件系统,数据同步,是,,
US20050114785,Active content wizard execution with improved conspicuity,网站链接,,操作系统内核,文件系统,数据同步,是,,
US20050114854,System and method for dynamic cooperative distributed execution of computer tasks without a centralized controller,网站链接,,操作系统内核,文件系统,数据同步,是,,
US20050114868,Devices as services in a decentralized operating system,网站链接,,操作系统内核,文件系统,数据同步,是,,
US20050120059,Transactional file system,网站链接,,操作系统内核,文件系统,数据同步,是,,
US20050120119,Smart scan for bluetooth pan devices,网站链接,,操作系统内核,文件系统,数据同步,是,,
US20050120201,System and method for non-interactive human answerable challenges,网站链接,,操作系统内核,文件系统,数据同步,是,,
US20050120215,Trusted network transfer of content using off network input code,网站链接,,操作系统内核,文件系统,数据同步,是,,
US20050120255,System and method for powering down a mobile device,网站链接,,操作系统内核,文件系统,文件共享,是,,
US20050125407,System and method for image authentication of a resource-sparing operating system,网站链接,,操作系统内核,文件系统,文件共享,是,,分布式系统
US20050125785,Method for binary-level branch reversal on computer architectures supporting predicted execution,网站链接,,操作系统内核,文件系统,文件共享,是,,
US20050125796,Method and apparatus for synchronization of periodic processes,网站链接,,操作系统内核,文件系统,文件共享,是,,
US20050125811,API schema language and transformation techniques,网站链接,,操作系统内核,文件系统,文件共享,是,,
US20050128181,Multi-modal handwriting recognition correction,网站链接,,操作系统内核,文件系统,文件结构,是,,
US20050132123,Creating file systems within a file in a storage technology-abstracted manner,网站链接,,操作系统内核,文件系统,文件结构,是,,
US20050138214,Point-to-point data communication implemented with multipoint network data communication,网站链接,,操作系统内核,文件系统,文件结构,是,,
US20050138268,Data carousel receiving and caching,网站链接,,操作系统内核,文件系统,文件结构,是,,分布式系统
US20050138270,Use of hashing in a secure boot loader,网站链接,,操作系统内核,文件系统,文件结构,是,,
US20050144163,Systems and methods for generating prediction queries,网站链接,,操作系统内核,文件系统,文件系统（结构）,是,,
US20050144410,Dynamic memory heap tagging,网站链接,,操作系统内核,文件系统,文件系统（结构）,是,,
US20050144412,Overwrite detection diagnostic for memory heap,网站链接,,操作系统内核,文件系统,文件系统（结构）,是,,
US20050144442,Recovering from device failure,网站链接,,操作系统内核,文件系统,文件系统（结构）,是,分布式文件系统,
US20050144447,Transferring application secrets in a trusted operating system environment,网站链接,,操作系统内核,文件系统,文件系统（结构）,是,,
US20050144476,Method and system for allowing code to be securely intialized in a computer,网站链接,,操作系统内核,文件系统,文件系统结构,是,,
US20050149520,Distributed confidential contextual querying,网站链接,,操作系统内核,文件系统,文件系统结构,是,操作系统图像文件存储,
US20050149609,Conflict fast consensus,网站链接,,操作系统内核,线程管理,线程同步,是,,
US20050149626,XML schema for network device configuration,网站链接,,操作系统内核 ,进程管理,进程控制,是,,
US20050149732,Use of static Diffie-Hellman key with IPSec for authentication,网站链接,,用户接口,帮助系统,其他,是,,
US20050149882,Method for hollow selection feedback,网站链接,,用户接口,帮助系统,其他,是,os level changes ,
US20050149946,Methods and systems for predicting events associated with renderable media content samples,网站链接,,用户接口,帮助系统,其他,是,,
US20050160190,System and method to specify device specific user interface information in the firmware of a USB device,网站链接,,用户接口,帮助系统,,是,asynchronous procedure call，update of computer ap,
US20050160374,Systems and methods for cresting and managing graphical user interface lists,网站链接,,用户接口,帮助系统,,是,,
US20050165735,Persistent caching directory level support,网站链接,,用户接口,多语言系统；本地化；国际,,是,,
US20050165830,Application programming interfaces for an on-demand property system,网站链接,,用户接口,多语言系统；本地化；国际化,,是,,
US20050165850,B-tree compression using normalized index keys,网站链接,,用户接口,多语言系统；本地化；国际化,,是,文本转换API,
US20050165865,Metadata journal for information technology systems,网站链接,,用户接口,多语言系统；本地化；国际化,,是,,
US20050165976,Dynamic address windowing on a PCI bus,网站链接,,用户接口,多语言系统；本地化；国际化,,是,基于分布式网络计算机的偏好转换应用,
US20050166183,Structured message process calculus,网站链接,,用户接口,命令行shell,,是,,
US20050171982,Smart card with volatile memory file subsystem,网站链接,,用户接口,命令行shell,,是,,
US20050172053,Application programming interface to the simple object access protocol,网站链接,,用户接口,命令行shell,,是,,
US20050172142,System and method utilizing clean groups for security management,网站链接,,用户接口,命令行shell,,是,小计算机设备运行shell任务,
US20050172286,Hosted code runtime protection,网站链接,,用户接口,其他,检索,是,检索,
US20050177566,Catalog management system architecture having data table objects and logic table objects,网站链接,,用户接口,其他,其他,是,计算机设置,
US20050182843,Computer system instrumentation information,网站链接,,用户接口,其他,其他,是,手写输入系统，执行相关的功能,
US20050182857,"Modular, attachable objects with tags as intuitive physical interface facilitating user interaction with a computer",网站链接,,用户接口,其他,其他,是,,
US20050182941,Generic security claim processing model,网站链接,,用户接口,其他,,是,帮助移动设备显示的用户接口,
US20050182949,System and method for securing a computer system connected to a network from attacks,网站链接,,用户接口,其他,,是,交互式的帮助功能,
US20050182963,Administrative security systems and methods,网站链接,,用户接口,其他,,是,多平台的动态接口,
US20050182976,Intermittent computing,网站链接,,用户接口,其他,,是,语音和手写识别用户接口,
US20050183092,Configurable message pipelines,网站链接,,用户接口,其他,,是,图像放大,
US20050187894,Method and system for providing a common operating system,网站链接,,用户接口,其他,,是,controlling communications in a computer network,
US20050188313,User interface transition,网站链接,,用户接口,其他,,是,提供接口默认的系统和方法,
US20050188349,Data association,网站链接,,用户接口,其他,,是,gathering information related to elements of a use,
US20050188350,Data binding,网站链接,,用户接口,其他,,是,An API and method for processing a user interface ,
US20050188419,Method and system for dynamic system protection,网站链接,,用户接口,其他,,是,阅读非自然语言的用户接口,
US20050192794,System and method for providing regional settings for server-based applications,网站链接,,用户接口,其他,,是,阅读非自然语言的用户接口,
US20050192971,System and method for restricting data transfers and managing software components of distributed computers,网站链接,,用户接口,其他,,是,application program interfaces for resource limite,
US20050193213,Metered execution of code,网站链接,,用户接口,其他,,是,software interface as a layer between application ,
US20050197996,Side-by-side drivers,网站链接,,用户接口,其他,,是,,
US20050198005,Systems and methods for controlling access to an object,网站链接,,用户接口,其他,,是,modular user interface framework,
US20050198051,Portion-level in-memory module authentication,网站链接,,用户接口,其他,,是,application program interfaces for resource limite,
US20050198113,Lightweight input/output protocol,网站链接,,用户接口,其他,,是,utilization of replacement and augmented API funct,
US20050198388,Distribution of binary executables and content from peer locations/machines,网站链接,,用户接口,其他,,是,application programming interface schema language ,
US20050198490,Dynamic negotiation of encryption protocols,网站链接,,用户接口,其他,,是,通知系统,
US20050198526,Static and run-time anti-disassembly and anti-debugging,网站链接,,用户接口,其他,,是,基于笔识别的用户接口,
US20050198592,Pen-based interface for a notepad computer,网站链接,,用户接口,其他,,是,a user interface for creating method signatures,
US20050198621,Efficient checking of state-dependent constraints,网站链接,,用户接口,其他,,是,a mechanism for providing scoped modular services ,
US20050198648,Remote system administration using command line environment,网站链接,,用户接口,图形用户接口的交互技术,others,是,用户接口标识,
US20050198651,Designer for software method signatures,网站链接,,用户接口,图形用户接口的交互技术,不确定,是,,
US20050203934,Compression of logs of language data,网站链接,,用户接口,图形用户接口的交互技术,操作图形元素的方式,是,,
US20050204242,Receiver-driven layered error correction multicast over heterogeneous packet networks,网站链接,,用户接口,图形用户接口的交互技术,操作图形元素的方式,是,,
US20050210050,Methods and systems for creating skins,网站链接,,用户接口,图形用户接口的交互技术,操作图形元素的方式,是,用户和计算机系统间交互的用户接口,
US20050210055,Computing device with relatively limited storage space and operating/file system thereof,网站链接,,用户接口,图形用户接口的交互技术,操作图形元素的方式,是,提供一个用户输入板输入到定向应用中在计算机上操作,
US20050210061,Rendering tables with natural language commands,网站链接,,用户接口,图形用户接口的交互技术,操作图形元素的方式,是,启动应用程序方式,
US20050210076,Computing device with relatively limited storage space and operating/file system thereof,网站链接,,用户接口,图形用户接口的交互技术,操作图形元素的方式,是,鼠标图像,
US20050210129,Asynchronous channel for displaying user interface elements,网站链接,,用户接口,图形用户接口的交互技术,操作图形元素的方式,是,,
US20050210237,VPN enrollment protocol gateway,网站链接,,用户接口,图形用户接口的交互技术,操作图形元素的方式,是,,
US20050210252,Efficient and secure authentication of computing systems,网站链接,,用户接口,图形用户接口的交互技术,操作图形元素的方式,是,电子墨水,
US20050210255,Systems and methods for encoding randomly distributed features in an object,网站链接,,用户接口,图形用户接口的交互技术,操作图形元素的方式,是,,
US20050210356,Layered multiple description coding,网站链接,,用户接口,图形用户接口的交互技术,操作图形元素的方式,是,手写系统,
US20050210460,Computing device with relatively limited storage space and operating/file system thereof,网站链接,,用户接口,图形用户接口的交互技术,操作图形元素的方式,是,,
US20050212807,User interface incorporating graphically based management of controls,网站链接,,用户接口,图形用户接口的交互技术,操作图形元素的方式,是,,
US20050216441,Method and system for using a sync key,网站链接,,用户接口,图形用户接口的交互技术,操作图形元素的方式,是,,
US20050216527,"Method, medium and system for recovering data using a timeline-based computing environment",网站链接,,用户接口,图形用户接口的交互技术,操作图形元素的方式,是,,
US20050216653,Transactional file system for flash memory,网站链接,,用户接口,图形用户接口的交互技术,操作图形元素的方式,是,,
US20050216798,Method and system for detecting potential races in multithreaded programs,网站链接,,用户接口,图形用户接口的交互技术,窗口操作显示,是,,
US20050216955,Security attack detection and defense,网站链接,,用户接口,图形用户接口的交互技术,其他,是,,
US20050222969,Centralized configuration data management for distributed clients,网站链接,,用户接口,图形用户接口的交互技术,其他,是,multiple concurrent desktops and workspaces ,
US20050223018,Efficient linking and loading for late binding and platform retargeting,网站链接,,用户接口,图形用户接口的交互技术,图形元素的操作,是,自动产生文本的输入,
US20050223047,Systems and methods for synchronizing computer systems through an intermediary file system share or device,网站链接,,用户接口,图形用户接口的交互技术,图形元素的显示,是,显示用户界面元素的样式,
US20050223165,Strategies for reading information from a mass storage medium using a cache memory,网站链接,,用户接口,图形用户接口的交互技术,图形元素的显示,是,窗口管理,
US20050223386,Comprehensive collection of hardware device information for diagnostics,网站链接,,用户接口,图形用户接口的交互技术,图形元素的显示,是,window,
US20050223387,Enhanced input using packet switching over a PS/2 or other interface,网站链接,,用户接口,图形用户接口的交互技术,图形元素的显示,是,动态调整窗口大小,
US20050223390,Driverless printing,网站链接,,用户接口,图形用户接口的交互技术,图形元素的显示,是,,
US20050223393,"Method, system, and computer program product for representing and connection-oriented device in a known format",网站链接,,用户接口,图形用户接口的交互技术,图形元素的显示,是,高亮显示所选择的图形对象,
US20050228798,Tag-based schema for distributing update metadata in an update distribution system,网站链接,,用户接口,图形用户接口的交互技术,图形元素的显示,是,图形部件移动或交叉时的显示,
US20050228832,Method and system for verifying integrity of storage,网站链接,,用户接口,图形用户接口的交互技术,图形元素的显示,是,移动设备菜单,
US20050228964,Methods and mechanisms for proactive memory management,网站链接,,用户接口,图形用户接口的交互技术,图形元素的显示,是,菜单,
US20050228981,GLOBALLY TRUSTED CREDENTIALS LEVERAGED FOR SERVER ACCESS CONTROL,网站链接,,用户接口,图形用户接口的交互技术,图形元素的显示,是, redirecting input messages to an application ,
US20050229036,Method and system for shadowing information between computing devices,网站链接,,用户接口,图形用户接口的交互技术,图形元素的显示,是,,
US20050229105,Methods and systems for creating skins,网站链接,,用户接口,图形用户接口的交互技术,图形元素的显示,是,图形用户接口显示,
US20050229108,Method and system for redirection of transformed windows,网站链接,,用户接口,图形用户接口的交互技术,图形元素的显示,是,描述主题的方法,
US20050229165,Method and system for probe optimization while instrumenting a program,网站链接,,用户接口,图形用户接口的交互技术,图形元素的显示,是,工具条,
US20050229178,Method and system for real time scheduler,网站链接,,用户接口,图形用户接口的交互技术,图形元素的显示,是,,
US20050229190,Application of data-binding mechanism to perform command binding,网站链接,,用户接口,图形用户接口的交互技术,图形元素的显示,是,,
US20050235120,System and method for performing garbage collection on a large heap,网站链接,,用户接口,图形用户接口的交互技术,图形元素的显示,是,window,
US20050235146,Identifying and coalescing identical objects encrypted with different keys,网站链接,,用户接口,图形用户接口的交互技术,图形元素的显示,是,,
US20050235342,Cryptography correctness detection methods and apparatuses,网站链接,,用户接口,图形用户接口的交互技术,图形元素的显示,是,,
US20050235362,Hierarchical trusted code for content protection in computers,网站链接,,用户接口,图形用户接口的交互技术,图形元素的显示,是,,
US20050240873,Managing arbitrary window regions for more effective use of screen space,网站链接,,用户接口,图形用户接口的交互技术,图形元素的显示,是,,
US20050240880,System and method for displaying stack icons,网站链接,,用户接口,图形用户接口的交互技术,图形元素的显示,是,,
US20050240985,Policy engine and methods and systems for protecting data,网站链接,,用户接口,图形用户接口的交互技术,图形元素的显示,是,,
US20050246389,Client store synchronization through intermediary store change packets,网站链接,,用户接口,图形用户接口的交互技术,图形元素的显示,是,,
US20050246396,System and method for synchronizing between a file system and presence of contacts on a network,网站链接,,用户接口,图形用户接口的交互技术,图形元素的显示,是,图标,
US20050246455,I/O handling in generic USB rivers,网站链接,,用户接口,图形用户接口的交互技术,图形元素的显示,是,,
US20050246456,Data format for a streaming information appliance,网站链接,,用户接口,图形用户接口的交互技术,图形元素显示,是,,
US20050246460,Configurable PCI express switch,网站链接,,用户接口,图形用户接口的交互技术,图形元素显示,是,,
US20050246487,Non-volatile memory cache performance improvement,网站链接,,用户接口,图形用户接口的交互技术,图形元素显示,是,,
US20050246511,Special-use heaps,网站链接,,用户接口,图形用户接口的交互技术,图形元素显示,是,,
US20050246522,Securing applications and operating systems,网站链接,,用户接口,图形用户接口的交互技术,图形元素显示,是,,
US20050246524,Security mechanism for computer processing modules,网站链接,,用户接口,图形用户接口的交互技术,图形元素显示,是,,
US20050246529,Isolated persistent identity storage for authentication of computing devies,网站链接,,用户接口,图形用户接口的交互技术,图形元素显示,是,调试窗口显示,
US20050246544,System and method for identity confirmation of a contact published on a network,网站链接,,用户接口,图形用户接口的交互技术,图形元素显示,是,,
US20050246556,Interlocked plug and play with power management for operating systems,网站链接,,用户接口,图形用户接口的交互技术,图形元素显示,是,,
US20050246612,Real-time file system repairs,网站链接,,运行时环境,（系统）虚拟化,其他,是,在虚拟机中提供上下文验证UI机制,
US20050246645,System and method for selecting a view mode and setting,网站链接,,运行时环境,（系统）虚拟化,虚拟机,是,CLR相关,
US20050246646,System and method for selecting a setting by continuous or discrete controls,网站链接,,运行时环境,（系统）虚拟化,虚拟机,是,CPU虚拟化,
US20050246654,Third party service switching through command bar user interface,网站链接,,运行时环境,（系统）虚拟化,虚拟机,是,在安全虚拟机中实施安全策略,
US20050246665,Systems and methods for an improved user interface shell for small computer devices,网站链接,,运行时环境,（系统）虚拟化,,是,虚拟机,
US20050246690,Visualizer system and methods for debug environment,网站链接,,运行时环境,（系统）虚拟化,,是,虚拟化CPU,
US20050246710,Sharing of downloaded resources,网站链接,,运行时环境,代码运行,函数库,是,,
US20050246716,Application program interface for network software platform,网站链接,,运行时环境,代码执行,?加载,是,,
US20050246718,VEX-virtual extension framework,网站链接,,运行时环境,代码执行,others,是,多态,
US20050246722,System and method for validating communication specification conformance between a device driver and a hardware device,网站链接,,运行时环境,代码执行,程序布局,是,,
US20050246723,Generic USB drivers,网站链接,,运行时环境,代码执行,程序布局,是,"versions of digital content for  displaying, rende",
US20050246724,Systems and methods for support of various processing capabilities,网站链接,,运行时环境,代码执行,程序布局,是,,
US20050246725,Generic user interface command architecture,网站链接,,运行时环境,代码执行,程序布局,是,,分布式系统
US20050246770,Establishing computing trust with a staging area,网站链接,,运行时环境,代码执行,程序布局,是,,
US20050246771,Secure domain join for computing devices,网站链接,,运行时环境,代码执行,代码验证,是,计算机程序分析,
US20050246772,System and method for zone transition mitigation with relation to a network browser,网站链接,,运行时环境,代码执行,代码验证,是,,
US20050246776,"Framework for protection level monitoring, reporting, and notification",网站链接,,运行时环境,代码执行,代码验证,是,,
US20050251650,Dynamic endian switching,网站链接,,运行时环境,代码执行,函数库,是,,
US20050251675,Privacy model,网站链接,,运行时环境,代码执行,函数库,是,,
US20050251758,Indicating file type on thumbnail preview icon,网站链接,,运行时环境,代码执行,函数库,是,资源有限设备中的API,
US20050256842,User interface for controlling access to computer objects,网站链接,,运行时环境,代码执行,函数库,是,集中式存储API,
US20050256907,Systems and methods for the utilization of metadata for synchronization optimization,网站链接,,运行时环境,代码执行,函数库,是,common control library  providing a generic interf,
US20050256952,Network and method for implementing network platform services for a computing device,网站链接,,运行时环境,代码执行,加载,是,,
US20050257048,Fire locker and mechanisms for providing and using same,网站链接,,运行时环境,代码执行,加载,是,,
US20050257173,System and process for controlling electronic components in a ubiquitous computing environment using multimodal integration,网站链接,,运行时环境,代码执行,加载,是,,
US20050257226,PnP functionality for unsupported devices,网站链接,,运行时环境,代码执行,加载,是,,
US20050257243,Method and system for enforcing a security policy via a security virtual machine,网站链接,,运行时环境,代码执行,库函数,是,,
US20050262134,Spooling strategies using structured job information,网站链接,,运行时环境,代码执行,库函数,是,API,
US20050262342,Methods and systems for protecting information in paging operating systems,网站链接,,运行时环境,代码执行,链接,是,,
US20050267935,Data driven remote device control model with general programming interface-to-network messaging adaptor,网站链接,,运行时环境,代码执行,链接,是,,
US20050268112,Managing spyware and unwanted software through auto-start extensibility points,网站链接,,运行时环境,代码执行,其他,是,,
US20050268115,Renewable and individualizable elements of a protected environment,网站链接,,运行时环境,代码执行,其他,是,computer-executable software，optimizing binary-le,
US20050268336,Method for secure access to multiple secure networks,网站链接,,运行时环境,代码执行,其他,是,,
US20050273586,Methods and arrangements for providing a mark-up language based graphical user interface for user identification to an operating system,网站链接,,运行时环境,代码执行,异常,是,,
US20050278461,Self-installing computer peripherals,网站链接,,运行时环境,代码执行,直接可运行代码,是,,
US20050278477,Manifest-based trusted agent management in a trusted operating system environment,网站链接,,运行时环境,代码执行,直接可运行代码,是,,
US20050278579,System and method for building a run-time image from components of a software program,网站链接,,运行时环境,其他,,是,一种framework,
US20050278727,Method for scoped services,网站链接,,运行时环境,其他,,是,COM，目标：可信赖执行，跨进程的软件组件隔离度。,
US20050278728,Recording/playback tools for UI-based applications,网站链接,,运行时环境,其他,,是,,
US20050283458,Automatic detection of frequently used query patterns in a query workload,网站链接,,运行时环境,其他,,是,,
US20050283547,Streaming information appliance with buffer read and write synchronization,网站链接,,运行时环境,其他,,是,可信环境,
US20050283567,"Persistent, real-time determination of the freshness of changeable data associated with a container",网站链接,,运行时环境,系统调用,,是,,
US20050283603,Anti virus for an item store,网站链接,,运行时环境,系统调用,,是,访问系统配置信息,
US20050283742,Stack icons representing multiple objects,网站链接,,,,,是,节点之间的谈判交易和方法,分布式系统
US20050289169,Lossless recovery for computer systems with map assisted state transfer,网站链接,,,,,是,,分布式洗头膏
US20050289194,Preserving memory resources by limiting time-date information for a subset of properties,网站链接,,,,,是,锁住资源,分布式
US20050289196,Determining when a low fidelity property value has changed during a SYNC,网站链接,,,,,是,,分布式系统
US20050289226,Remote assistance,网站链接,,,,,是,,分布式系统
US20050289414,Lossless recovery for computer systems with remotely dependent data recovery,网站链接,,,,,是,,分布式系统
